{
  "config": {
    "concept_counts": [
      15,
      30,
      50,
      80,
      120,
      170
    ],
    "num_epochs": 75,
    "num_test_concepts": 30,
    "num_runs_per_n": 1,
    "eval_every_n_epochs": 10
  },
  "runs": [
    {
      "n_train": 15,
      "run_id": 0,
      "epochs": [
        1,
        10,
        20,
        30,
        40,
        50,
        60,
        70
      ],
      "train_loss": [
        -0.01389019408573707,
        -0.07608840117851894,
        -0.26820053656895954,
        -0.5244139432907104,
        -0.8005323012669882,
        -0.9068780938784281,
        -0.9460521936416626,
        -0.9565374056498209
      ],
      "train_cos_sim": [
        0.024473219535623987,
        0.07389292716979981,
        0.2425983230272929,
        0.3414671242237091,
        0.56946355899175,
        0.7976153453191122,
        0.9031713644663493,
        0.9241840283075968
      ],
      "test_cos_sim": [
        -0.0002789773978292942,
        0.0013843511076023181,
        0.0010716760531067847,
        0.007971185569961866,
        0.008684778120368719,
        0.01094874997312824,
        0.00990069651355346,
        0.010871768866976102
      ],
      "train_top1_acc": [
        0.06666666666666667,
        0.13333333333333333,
        0.13333333333333333,
        0.13333333333333333,
        0.6666666666666666,
        1.0,
        1.0,
        1.0
      ],
      "test_top1_acc": [
        0.03333333333333333,
        0.03333333333333333,
        0.03333333333333333,
        0.03333333333333333,
        0.03333333333333333,
        0.03333333333333333,
        0.03333333333333333,
        0.03333333333333333
      ],
      "train_top5_acc": [
        0.4,
        0.6,
        0.5333333333333333,
        1.0,
        1.0,
        1.0,
        1.0,
        1.0
      ],
      "test_top5_acc": [
        0.13333333333333333,
        0.16666666666666666,
        0.16666666666666666,
        0.16666666666666666,
        0.13333333333333333,
        0.13333333333333333,
        0.1,
        0.1
      ],
      "final_train_cos_sim": 0.9241840283075968,
      "final_test_cos_sim": 0.010871768866976102,
      "final_test_top1": 0.03333333333333333,
      "final_test_top5": 0.1,
      "grokking_detected": false
    },
    {
      "n_train": 30,
      "run_id": 0,
      "epochs": [
        1,
        10,
        20,
        30,
        40,
        50,
        60,
        70
      ],
      "train_loss": [
        0.0016463828971609474,
        -0.09987159222364425,
        -0.3901140034198761,
        -0.7474504590034485,
        -0.8729191780090332,
        -0.9238660931587219,
        -0.9439340472221375,
        -0.9491345643997192
      ],
      "train_cos_sim": [
        -0.0001957428486396869,
        0.09697848986834287,
        0.3527231136957804,
        0.7490301012992859,
        0.8765951156616211,
        0.9252448697884877,
        0.9435361444950103,
        0.9479160229365031
      ],
      "test_cos_sim": [
        0.0021873474431534606,
        0.007926225786407788,
        0.023627767401436964,
        0.027921100923170645,
        0.027110542341445883,
        0.025932723470032216,
        0.02444250965490937,
        0.025238708329076567
      ],
      "train_top1_acc": [
        0.03333333333333333,
        0.1,
        0.7,
        1.0,
        1.0,
        1.0,
        1.0,
        1.0
      ],
      "test_top1_acc": [
        0.03333333333333333,
        0.0,
        0.03333333333333333,
        0.0,
        0.0,
        0.0,
        0.0,
        0.0
      ],
      "train_top5_acc": [
        0.2,
        0.23333333333333334,
        0.9333333333333333,
        1.0,
        1.0,
        1.0,
        1.0,
        1.0
      ],
      "test_top5_acc": [
        0.23333333333333334,
        0.2,
        0.23333333333333334,
        0.13333333333333333,
        0.13333333333333333,
        0.1,
        0.06666666666666667,
        0.06666666666666667
      ],
      "final_train_cos_sim": 0.9479160229365031,
      "final_test_cos_sim": 0.025238708329076567,
      "final_test_top1": 0.0,
      "final_test_top5": 0.06666666666666667,
      "grokking_detected": false
    },
    {
      "n_train": 50,
      "run_id": 0,
      "epochs": [
        1,
        10,
        20,
        30,
        40,
        50,
        60,
        70
      ],
      "train_loss": [
        0.002023262277361937,
        -0.18433281406760216,
        -0.6278368011116982,
        -0.8247367143630981,
        -0.9043284207582474,
        -0.9359498843550682,
        -0.9479882940649986,
        -0.9510644972324371
      ],
      "train_cos_sim": [
        0.005947017539292574,
        0.18850263461470604,
        0.6529999297857284,
        0.8388187193870544,
        0.9104271709918976,
        0.9389679455757141,
        0.9495646953582764,
        0.9523496770858765
      ],
      "test_cos_sim": [
        0.01264215634825329,
        0.05040492142240206,
        0.058513178428014116,
        0.0430438376031816,
        0.03850874106089274,
        0.03676422977199157,
        0.03581745320310195,
        0.035211584468682604
      ],
      "train_top1_acc": [
        0.0,
        0.04,
        1.0,
        1.0,
        1.0,
        1.0,
        1.0,
        1.0
      ],
      "test_top1_acc": [
        0.0,
        0.03333333333333333,
        0.03333333333333333,
        0.0,
        0.0,
        0.0,
        0.0,
        0.0
      ],
      "train_top5_acc": [
        0.1,
        0.14,
        1.0,
        1.0,
        1.0,
        1.0,
        1.0,
        1.0
      ],
      "test_top5_acc": [
        0.1,
        0.16666666666666666,
        0.16666666666666666,
        0.13333333333333333,
        0.1,
        0.1,
        0.1,
        0.1
      ],
      "final_train_cos_sim": 0.9523496770858765,
      "final_test_cos_sim": 0.035211584468682604,
      "final_test_top1": 0.0,
      "final_test_top5": 0.1,
      "grokking_detected": false
    },
    {
      "n_train": 80,
      "run_id": 0,
      "epochs": [
        1,
        10,
        20,
        30,
        40,
        50,
        60,
        70
      ],
      "train_loss": [
        0.001930530397937848,
        -0.35383362953479475,
        -0.7580341742588923,
        -0.8726392021545997,
        -0.9179272147325369,
        -0.9371483325958252,
        -0.9445253518911508,
        -0.9464260202187759
      ],
      "train_cos_sim": [
        -0.0033697273465804756,
        0.4091696348041296,
        0.779387766122818,
        0.8821589462459087,
        0.9228111304342747,
        0.9398675195872783,
        0.9463700637221336,
        0.948070303350687
      ],
      "test_cos_sim": [
        -0.016026533612360557,
        0.055235031705039246,
        0.03132193125784397,
        0.029149811839063962,
        0.029554544482380152,
        0.028569249094774325,
        0.027425986031691232,
        0.027440126426517962
      ],
      "train_top1_acc": [
        0.0125,
        0.95,
        0.9875,
        1.0,
        0.9875,
        1.0,
        0.9875,
        1.0
      ],
      "test_top1_acc": [
        0.03333333333333333,
        0.06666666666666667,
        0.06666666666666667,
        0.1,
        0.1,
        0.1,
        0.1,
        0.1
      ],
      "train_top5_acc": [
        0.075,
        1.0,
        1.0,
        1.0,
        1.0,
        1.0,
        1.0,
        1.0
      ],
      "test_top5_acc": [
        0.13333333333333333,
        0.2,
        0.16666666666666666,
        0.16666666666666666,
        0.16666666666666666,
        0.16666666666666666,
        0.13333333333333333,
        0.13333333333333333
      ],
      "final_train_cos_sim": 0.948070303350687,
      "final_test_cos_sim": 0.027440126426517962,
      "final_test_top1": 0.1,
      "final_test_top5": 0.13333333333333333,
      "grokking_detected": false
    },
    {
      "n_train": 120,
      "run_id": 0,